0;0;0
1;0;0
2;0;0
3;0;0
4;0;0
5;0;0
6;0;0
7;0;0
8;0;0
9;0;0
10;0;0
11;0;0
12;0;0
13;0;0
14;0;0
15;0;0
16;0;0
17;0;0
18;0;0
19;0;0
20;0;0
21;0;0
22;0;0
23;0;0
24;0;0
25;0;0
26;0;0
27;0;0
28;0;0
29;0;0
30;0;0
31;0;0
32;0;0
33;0;0
34;0;0
35;0;0
36;0;0
37;0;0
38;0;0
39;0;0
40;0;0
41;0;0
42;0;0
43;0;0
44;0;0
45;0;0
46;0;0
47;0;0
48;0;0
49;0;0
50;0;0
51;0;0
52;0;0
53;0;0
54;0;0
55;0;0
56;0;0
57;0;0
58;0;0
59;0;0
60;0;0
61;0;0
62;0;0
63;0;0
64;0;0
65;0;0
66;0;0
67;0;0
68;0;0
69;0;0
70;0;0
71;0;0
72;0;0
73;0;0
74;0;0
75;0;0
76;0;0
77;0;0
78;0;0
79;0;0
80;0;0
81;0;0
82;0;0
83;0;0
84;0;0
85;0;0
86;0;0
87;0;0
88;0;0
89;0;0
90;0;0
91;0;0
92;0;0
93;0;0
94;0;0
95;0;0
96;0;0
97;0;0
98;0;0
99;0;0
100;0;0
101;0;0
102;0;0
103;0;0
104;0;0
105;0;0
106;0;0
107;0;0
108;0;0
109;0;0
110;0;0
111;0;0
112;0;0
113;0;0
114;0;0
115;0;0
116;0;0
117;0;0
118;0;0
119;0;0
120;0;0
121;0;0
122;0;0
123;0;0
124;0;0
125;0;0
126;0;0
127;0;0
128;0;0
129;0;0
130;0;0
131;0;0
132;0;0
133;0;0
134;0;0
135;0;0
136;0;0
137;0;0
138;0;0
139;0;0
140;0;0
141;0;0
142;0;0
143;0;0
144;0;0
145;0;0
146;0;0
147;0;0
148;0;0
149;0;0
150;0;0
151;0;0
152;0;0
153;0;0
154;0;0
155;0;0
156;0;0
157;0;0
158;0;0
159;0;0
160;0;0
161;0;0
162;0;0
163;0;0
164;0;0
165;0;0
166;0;0
167;0;0
168;0;0
169;0;0
170;0;0
171;0;0
172;0;0
173;0;0
174;0;0
175;0;0
176;0;0
177;0;0
178;0;0
179;0;0
180;0;0
181;0;0
182;0;0
183;0;0
184;0;0
185;0;0
186;0;0
187;0;0
188;0;0
189;0;0
190;0;0
191;0;0
192;0;0
193;0;0
194;0;0
195;0;0
196;0;0
197;0;0
198;0;0
199;0;0
200;0;0
201;0;0
202;0;0
203;0;0
204;0;0
205;0;0
206;0;0
207;0;0
208;0;0
209;0;0
210;0;0
211;0;0
212;0;0
213;0;0
214;0;0
215;0;0
216;0;0
217;0;0
218;0;0
219;0;0
220;0;0
221;0;0
222;0;0
223;0;0
224;0;0
225;0;0
226;0;0
227;0;0
228;0;0
229;0;0
230;0;0
231;0;0
232;0;0
233;0;0
234;0;0
235;0;0
236;0;0
237;0;0
238;0;0
0;0;90
1;1;0
2;1;0
3;1;0
4;1;0
5;0;0
6;0,02;0
7;0,2;0
8;0,28;0
9;0,3;0
10;0,35;0
11;0,42;0
12;0,44;0
13;0,46;0
14;0,52;0
15;0,53;0
16;0,51;0
17;0,51;0
18;0,52;0
19;0,52;0
20;0,57;0
21;0,56;0
22;0,47;0
23;0,48;0
24;0,4;0
25;0,33;0
26;0,37;0
27;0,46;0
28;0,48;0
29;0,55;0
30;0,57;0
31;0,59;0
32;0,59;0
33;0,65;0
34;0,63;0
35;0,62;0
36;0,61;0
37;0,53;0
38;0,49;0
39;0,42;0
40;0,34;0
41;0,31;0
42;0,25;0
43;0,22;0
44;0,22;0
45;0,19;0
46;0,18;0
47;0,19;0
48;0,15;0
49;0;0
50;0;0
51;0;0
52;0;0
53;0;0
54;0,04;0
55;0,07;0
56;0,07;0
57;0,1;0
58;0,11;0
59;0,11;0
60;0,1;0
61;0,08;0
62;0,07;0
63;0,07;0
64;0,04;0
65;0,05;0
66;0,05;0
67;0,04;0
68;0,03;0
69;0,02;0
70;0,02;0
71;0,06;0
72;0,08;0
73;0,09;0
74;0,1;0
75;0,07;0
76;0,06;0
77;0,07;0
78;0,08;0
79;0,06;0
80;0,07;0
81;0,05;0
82;0,04;0
83;0,04;0
84;0,07;0
85;0,11;0
86;0,21;0
87;0,28;0
88;0,36;0
89;0,52;0
90;0,76;0
91;0,97;0
92;1;0
93;1;0
94;1;0
95;1;0
96;1;0
97;1;0
98;1;0
99;0,9;0
100;0,72;0
101;0,52;0
102;0,35;0
103;0,22;0
104;0,18;0
105;0,12;0
106;0,08;0
107;0,08;0
108;0,04;0
109;0;0
110;0,01;0
111;0,03;0
112;0,04;0
113;0,06;0
114;0,1;0
115;0,1;0
116;0,09;0
117;0,11;0
118;0,1;0
119;0;0
120;0;0
121;0;0
122;0;0
123;0;0
124;0;0
125;0;0
126;0;0
127;0;0
128;0;0
129;0;0
130;0;0
131;0;0
132;0;0
133;0;0
134;0;0
135;0;0
136;0;0
137;0;0
138;0;0
139;0;0
140;0;0
141;0;0
142;0;0
143;0;0
144;0;0
145;0;0
146;0;0
147;0;0
148;0;0
149;0;0
150;0;0
151;0;0
152;0;0
153;0;0
154;0;0
155;0;0
156;0;0
157;0;0
158;0;0
159;0;0
160;0;0
161;0;0
162;0;0
163;0;0
164;0;0
165;0;0
166;0;0
167;0;0
168;0;0
169;0;0
170;0;0
171;0;0
172;0;0
173;0;0
174;0;0
175;0;0
176;0;0
177;0;0
178;0;0
179;0;0
180;0;0
181;0;0
182;0;0
183;0;0
184;0;0
185;0;0
186;0;0
187;0;0
188;0;0
189;0;0
190;0;0
191;0;0
192;0;0
193;0;0
194;0;0
195;0;0
196;0;0
197;0;0
198;0;0
199;0;0
200;0;0
201;0,32;0
202;0,76;0
203;1;0
204;1;0
205;1;0
206;1;0
207;1;0
208;1;0
209;1;0
210;1;0
211;1;0
212;1;0
213;1;0
214;1;0
215;1;0
216;1;0
217;1;0
218;1;0
219;1;0
220;1;0
221;1;0
222;1;0
223;1;0
224;1;0
225;1;0
226;1;0
227;1;0
228;1;0
229;1;0
230;1;0
231;1;0
232;1;0
233;0,93;0
234;0,55;0
235;0,23;0
236;0,07;0
237;0;0
238;0;0
239;0;0
240;0;0
241;0;0
242;0;0
243;0;0
244;0;0
245;0;0
246;0;0
247;0;0
248;0;0
249;0;0
250;0,6;0
251;0,66;0
252;0,95;0
253;1;0
254;1;0
255;1;0
256;1;0
257;1;0
258;1;0
259;1;0
260;1;0
261;1;0
262;1;0
263;1;0
264;1;0
265;1;0
266;1;0
267;1;0
268;1;0
269;1;0
270;1;0
271;1;0
272;0,98;0
273;1;0
274;0,98;0
275;0,94;0
276;0,98;0
277;0,95;0
278;0,92;0
279;0,9;0
280;0,81;0
281;0,8;0
282;0,76;0
283;0,7;0
284;0,7;0
285;0,64;0
286;0,62;0
287;0,63;0
288;0,59;0
289;0,57;0
290;0,51;0
291;0,45;0
292;0,44;0
293;0,4;0
294;0,38;0
295;0,39;0
296;0,36;0
297;0,38;0
298;0,35;0,22
299;0,37;0,67
300;0,39;1
301;0,35;1
302;0,31;1
303;0,3;1
304;0,31;1
305;0,31;1
306;0,28;1
307;0,31;0,96
308;0,32;1
309;0,36;0,94
310;0,35;0,92
311;0,33;0,94
312;0,38;0,89
313;0,38;0,83
314;0,31;0,72
315;0,34;0,59
316;0,32;0,61
317;0,31;0,55
318;0,32;0,51
319;0,3;0,39
320;0,3;0,34
321;0,31;0,32
322;0,28;0,39
323;0,3;0,4
324;0,3;0,44
325;0,31;0,35
326;0,32;0,3
327;0,31;0,27
328;0,34;0,19
329;0,37;0,13
330;0,37;0,23
331;0,42;0,33
332;0,45;0,29
333;0,44;0,27
334;0,44;0,19
335;0,4;0,19
336;0,4;0,13
337;0,4;0,19
338;0,38;0,15
339;0,41;0,11
340;0,39;0,04
341;0,36;0
342;0,39;0
343;0,48;0,1
344;0,48;0,1
345;0,45;0,11
346;0,37;0,1
347;0,37;0,19
348;0,33;0,31
349;0,31;0,21
350;0,36;0,29
351;0,39;0,27
352;0,4;0,43
353;0,48;0,63
354;0,48;0,79
355;0,53;0,91
356;0,52;0,85
357;0,52;0,85
358;0,55;0,88
359;0,48;0,83
360;0,46;1
361;0,42;1
362;0,39;1
363;0,38;1
364;0,39;1
365;0,37;1
366;0,28;1
367;0,3;1
368;0,34;1
369;0,33;1
370;0,33;1
371;0,31;1
372;0,31;1
373;0,3;0,9
374;0,32;0,72
375;0,31;0,78
376;0,29;0,66
377;0,3;0,45
378;0,29;0,21
379;0,25;0,01
380;0,37;0
381;0,45;0
382;0,42;0
383;0,46;0
384;0,6;0
385;0,71;0
386;0,8;0
387;0,89;0
388;0,83;0
389;0,91;0
390;1;0
391;0,94;0
392;0,9;0
393;0,8;0
394;0,71;0
395;0,72;0
396;0,58;0
397;0,52;0
398;0,54;0
399;0,62;0
400;0,63;0
401;0,6;0
402;0,61;0
403;0,68;0
404;0,78;0
405;0,76;0
406;0,67;0
407;0,77;0
408;0,97;0
409;1;0
410;1;0
411;1;0,04
412;1;0,06
413;1;0,09
414;1;0,13
415;1;0,15
416;1;0,17
417;1;0,17
418;1;0,13
419;1;0,11
420;1;0,05
421;1;0
422;1;0
423;1;0
424;1;0
425;0,81;0
426;0,61;0
427;0,62;0
428;0,5;0
429;0,55;0
430;0,82;0
431;0,85;0
432;0,83;0
433;0,94;0
434;1;0
435;0,86;0
436;0,73;0
437;0,65;0
438;0,63;0
439;0,61;0
440;0,55;0
441;0,51;0
442;0,44;0
443;0,49;0
444;0,58;0
445;0,63;0
446;0,71;0
447;0,68;0
448;0,68;0
449;0,73;0
450;0,8;0
451;0,87;0
452;0,89;0
453;0,87;0
454;0,88;0
455;0,9;0
456;0,9;0
457;0,96;0
458;1;0
459;0,98;0
460;0,89;0
461;0,82;0
462;0,94;0
463;1;0
464;0,99;0
465;1;0,11
466;0,95;0,36
467;0,87;0,44
468;1;0,54
469;1;0,7
470;0,99;0,73
471;0,92;0,76
472;0,85;0,85
473;0,78;0,86
474;0,67;0,77
475;0,62;0,84
476;0,72;0,8
477;0,73;0,89
478;0,77;0,88
479;0,7;0,94
480;0,74;0,9
481;0,74;0,75
482;0,65;0,86
483;0,52;0,7
484;0,42;0,53
485;0,36;0,5
486;0,34;0,58
487;0,42;0,45
488;0,47;0,46
489;0,48;0,34
490;0,47;0,28
491;0,54;0,21
492;0,54;0,15
493;0,54;0,08
494;0,52;0,05
495;0,52;0,07
496;0,52;0,13
497;0,46;0,17
498;0,43;0,39
499;0,46;0,44
500;0,49;0,46
501;0,51;0,65
502;0,57;0,79
503;0,48;0,95
504;0,49;0,84
505;0,45;0,7
506;0,45;0,67
507;0,38;0,88
508;0,39;1
509;0,35;1
510;0,31;1
511;0,29;1
512;0,33;1
513;0,38;1
514;0,33;1
515;0,31;1
516;0,27;1
517;0,23;1
518;0,24;1
519;0,22;0,87
520;0,24;0,95
521;0,24;0,85
522;0,21;0,66
523;0,24;0,59
524;0,23;0,56
525;0,27;0,59
526;0,26;0,62
527;0,29;0,58
528;0,36;0,69
529;0,36;1
530;0,36;1
531;0,37;1
532;0,37;0,84
533;0,33;0,66
534;0,35;0,54
535;0,38;0,47
536;0,37;0,43
537;0,34;0,65
538;0,37;0,8
539;0,35;0,58
540;0,33;0,47
541;0,37;0,26
542;0,36;0,29
543;0,35;0,3
544;0,36;0,44
545;0,34;0,36
546;0,31;0,23
547;0,32;0,17
548;0,34;0,02
549;0,32;0
550;0,33;0
551;0,37;0
552;0,38;0
553;0,42;0
554;0,43;0
555;0,4;0
556;0,38;0
557;0,35;0
558;0,31;0
559;0,31;0
560;0,28;0
561;0,26;0
562;0,29;0
563;0,28;0
564;0,31;0
565;0,34;0
566;0,34;0
567;0,38;0
568;0,36;0
569;0,33;0
570;0,35;0
571;0,33;0
572;0,32;0
573;0,34;0
574;0,32;0
575;0,34;0
576;0,32;0
577;0,29;0
578;0,31;0
579;0,28;0
580;0,27;0
581;0,28;0
582;0,27;0
583;0,28;0
584;0,27;0
585;0,26;0
586;0,29;0
587;0,27;0
588;0,26;0
589;0,29;0
590;0,28;0
591;0,29;0
592;0,29;0
593;0,28;0
594;0,32;0
595;0,33;0
596;0,33;0
597;0,35;0
598;0,33;0
599;0,32;0
600;0,31;0
601;0,29;0
602;0,32;0
603;0,31;0
604;0,29;0
605;0,32;0
606;0,31;0
607;0,31;0
608;0,32;0
609;0,3;0
610;0,32;0
611;0,3;0
612;0,28;0
613;0,31;0
614;0,3;0
615;0,29;0
616;0,3;0
617;0,29;0
618;0,28;0
619;0,25;0
620;0,24;0
621;0,24;0
622;0,22;0
623;0,21;0
624;0,22;0
625;0,22;0
626;0,23;0
627;0,21;0
628;0,21;0
629;0,24;0
630;0,23;0
631;0,22;0
632;0,24;0
633;0,23;0
634;0,24;0
635;0,24;0
636;0,24;0
637;0,27;0
638;0,26;0
639;0,25;0
640;0,28;0
641;0,26;0
642;0,26;0
643;0,27;0
644;0,26;0
645;0,28;0
646;0,26;0
647;0,24;0
648;0,26;0
649;0,24;0
650;0,23;0
651;0,24;0
652;0,23;0
653;0,24;0
654;0,23;0
655;0,23;0
656;0,25;0
657;0,25;0
658;0,25;0
659;0,27;0
660;0,26;0
661;0,27;0
662;0,27;0
663;0,25;0
664;0,28;0
665;0,26;0
666;0,24;0
667;0,24;0
668;0,23;0
669;0,23;0
670;0,21;0
671;0,22;0
672;0,23;0
673;0,22;0
674;0,24;0
675;0,25;0
676;0,26;0
677;0,26;0
678;0,26;0
679;0,27;0
680;0,27;0
681;0,25;0
682;0,24;0
683;0,24;0
684;0,22;0
685;0,23;0
686;0,23;0
687;0,24;0
688;0,25;0
689;0,23;0
690;0,22;0
691;0,24;0
692;0,22;0
693;0,22;0
694;0,24;0
695;0,24;0
696;0,24;0
697;0,24;0
698;0,24;0
699;0,25;0
700;0,23;0
701;0,22;0
702;0,23;0
703;0,22;0
704;0,22;0
705;0,21;0
706;0,22;0
707;0,23;0
708;0,21;0
709;0,21;0
710;0,22;0
711;0,21;0
712;0,21;0
713;0,21;0
714;0,22;0
715;0,23;0
716;0,21;0
717;0,21;0
718;0,23;0
719;0,22;0
720;0,21;0
721;0,22;0
722;0,22;0
723;0,23;0
724;0,21;0
725;0,23;0
726;0,26;0
727;0,29;0
728;0,26;0
729;0,38;0
730;0,42;0
731;0,37;0,11
732;0,36;0,51
733;0,25;0,93
734;0,37;1
735;0,34;1
736;0,37;1
737;0,38;1
738;0,52;1
739;0,52;1
740;0,52;1
741;0,54;1
742;0,52;1
743;0,47;1
744;0,55;1
745;0,5;1
746;0,47;0,95
747;0,47;0,8
748;0,43;0,68
749;0,49;0,73
750;0,58;0,7
751;0,63;0,6
752;0,7;0,54
753;0,68;0,45
754;0,67;0,36
755;0,7;0,25
756;0,65;0,19
757;0,62;0,22
758;0,58;0,26
759;0,5;0,29
760;0,48;0,28
761;0,45;0,27
762;0,4;0,36
763;0,4;0,36
764;0,38;0,45
765;0,38;0,54
766;0,34;0,67
767;0,48;0,81
768;0,52;1
769;0,45;1
770;0,35;1
771;0,39;1
772;0,37;1
773;0,34;1
774;0,36;1
775;0,39;1
776;0,36;1
777;0,27;1
778;0,21;1
779;0,29;1
780;0,44;1
781;0,41;1
782;0,39;1
783;0,51;0,93
784;0,61;0,72
785;0,65;0,61
786;0,78;0,53
787;0,97;0,52
788;1;0,41
789;1;0,39
790;1;0,35
791;1;0,24
792;1;0,35
793;1;0,3
794;1;0,23
795;1;0,16
796;0,95;0,22
797;0,81;0,2
798;0,76;0,09
799;0,76;0,22
800;0,71;0,25
801;0,6;0,17
802;0,48;0,02
803;0,48;0
804;0,52;0
805;0,52;0
806;0,47;0
807;0,4;0
808;0,36;0
809;0,29;0
810;0,21;0
811;0,21;0
812;0,22;0
813;0,22;0
814;0,32;0
815;0,31;0
816;0,27;0
817;0,25;0
818;0,25;0
819;0,25;0
820;0,24;0
821;0,24;0
822;0,26;0
823;0,22;0
824;0,21;0
825;0,24;0
826;0,24;0
827;0,23;0
828;0,26;0
829;0,26;0
830;0,29;0
831;0,26;0
832;0,25;0
833;0,27;0
834;0,25;0
835;0,24;0
836;0,26;0
837;0,24;0
838;0,24;0
839;0,25;0
840;0,24;0
841;0,26;0
842;0,24;0
843;0,23;0
844;0,25;0
845;0,25;0
846;0,25;0
847;0,24;0
848;0,24;0
849;0,26;0
850;0,24;0
851;0,22;0
852;0,25;0
853;0,25;0
854;0,25;0
855;0,26;0
856;0,27;0
857;0,29;0
858;0,28;0
859;0,27;0
860;0,29;0
861;0,27;0
862;0,26;0
863;0,28;0
864;0,28;0
865;0,29;0
866;0,28;0
867;0,27;0
868;0,31;0
869;0,31;0
870;0,32;0
871;0,34;0
872;0,32;0
873;0,33;0
874;0,33;0
875;0,32;0
876;0,35;0
877;0,34;0
878;0,32;0
879;0,34;0
880;0,32;0
881;0,3;0
882;0,28;0
883;0,27;0
884;0,27;0
885;0,25;0
886;0,24;0
887;0,26;0
888;0,25;0
889;0,24;0
890;0,26;0
891;0,26;0
892;0,26;0
893;0,25;0
894;0,24;0
895;0,26;0
896;0,24;0
897;0,24;0
898;0,26;0
899;0,25;0
900;0,26;0
901;0,27;0
902;0,26;0
903;0,28;0
904;0,26;0
905;0,24;0
906;0,26;0
907;0,25;0
908;0,25;0
909;0,26;0
910;0,25;0
911;0,28;0
912;0,27;0
913;0,26;0
914;0,29;0
915;0,28;0
916;0,28;0
917;0,29;0
918;0,28;0
919;0,3;0
920;0,3;0
921;0,29;0
922;0,34;0
923;0,34;0
924;0,33;0
925;0,36;0
926;0,35;0
927;0,37;0
928;0,36;0
929;0,33;0
930;0,34;0
931;0,31;0
932;0,28;0
933;0,29;0
934;0,28;0
935;0,28;0
936;0,26;0
937;0,25;0
938;0,26;0
939;0,24;0
940;0,22;0
941;0,25;0
942;0,24;0
943;0,24;0
944;0,25;0
945;0,25;0
946;0,29;0
947;0,28;0
948;0,27;0
949;0,29;0
950;0,27;0
951;0,25;0
952;0,24;0
953;0,24;0
954;0,25;0
955;0,24;0
956;0,24;0
957;0,27;0
958;0,25;0
959;0,25;0
960;0,27;0
961;0,26;0
962;0,28;0
963;0,28;0
964;0,27;0
965;0,29;0
966;0,27;0
967;0,26;0
968;0,28;0
969;0,27;0
970;0,29;0
971;0,32;0
972;0,32;0
973;0,36;0
974;0,35;0
975;0,32;0
976;0,33;0
977;0,31;0
978;0,3;0
979;0,31;0
980;0,3;0
981;0,32;0
982;0,31;0
983;0,29;0
984;0,31;0
985;0,29;0
986;0,28;0
987;0,3;0
988;0,29;0
989;0,32;0
990;0,32;0
991;0,3;0
992;0,32;0
993;0,3;0
994;0,28;0
995;0,28;0
996;0,27;0
997;0,28;0
998;0,27;0
999;0,26;0
1000;0,27;0
1001;0,25;0
1002;0,23;0
1003;0,25;0
1004;0,25;0
1005;0,25;0
1006;0,23;0
1007;0,25;0
1008;0,25;0
1009;0,23;0
1010;0,23;0
1011;0,24;0
1012;0,23;0
1013;0,23;0
1014;0,22;0
1015;0,24;0
1016;0,25;0
1017;0,23;0
1018;0,22;0
1019;0,24;0
1020;0,23;0
1021;0,22;0
1022;0,23;0
1023;0,24;0
1024;0,25;0
1025;0,23;0
1026;0,23;0
1027;0,24;0
1028;0,23;0
1029;0,22;0
1030;0,23;0
1031;0,23;0
1032;0,24;0
1033;0,23;0
1034;0,22;0
1035;0,25;0
1036;0,24;0
1037;0,23;0
1038;0,24;0
1039;0,24;0
1040;0,25;0
1041;0,24;0
1042;0,24;0
1043;0,26;0
1044;0,24;0
1045;0,23;0
1046;0,24;0
1047;0,23;0
1048;0,24;0
1049;0,23;0
1050;0,23;0
1051;0,25;0
1052;0,23;0
1053;0,22;0
1054;0,24;0
1055;0,23;0
1056;0,23;0
1057;0,23;0
1058;0,23;0
1059;0,25;0
1060;0,23;0
1061;0,23;0
1062;0,25;0
1063;0,24;0
1064;0,24;0
1065;0,25;0
1066;0,25;0
1067;0,26;0
1068;0,24;0
1069;0,24;0
1070;0,25;0
1071;0,24;0
1072;0,24;0
1073;0,25;0
1074;0,24;0
1075;0,26;0
1076;0,25;0
1077;0,24;0
1078;0,26;0
1079;0,24;0
1080;0,23;0
1081;0,25;0
1082;0,25;0
1083;0,27;0
1084;0,26;0
1085;0,26;0
1086;0,27;0
1087;0,26;0
1088;0,26;0
1089;0,27;0
1090;0,28;0
1091;0,28;0
1092;0,27;0
1093;0,29;0
1094;0,3;0
1095;0,27;0
1096;0,28;0
1097;0,28;0
1098;0,27;0
1099;0,27;0
1100;0,27;0
1101;0,27;0
1102;0,28;0
1103;0,26;0
1104;0,26;0
1105;0,27;0
1106;0,26;0
1107;0,25;0
1108;0,25;0
1109;0,25;0
1110;0,26;0
1111;0,25;0
1112;0,25;0
1113;0,28;0
1114;0,27;0
1115;0,27;0
1116;0,28;0
1117;0,28;0
1118;0,29;0
1119;0,28;0
1120;0,28;0
1121;0,29;0
1122;0,27;0
1123;0,26;0
1124;0,28;0
1125;0,27;0
1126;0,29;0
1127;0,3;0
1128;0,29;0
1129;0,32;0
1130;0,33;0
1131;0,3;0
1132;0,41;0
1133;0,41;0
1134;0,42;0
1135;0,41;0,11
1136;0,41;0,44
1137;0,42;0,61
1138;0,39;0,79
1139;0,37;1
1140;0,4;1
1141;0,38;1
1142;0,38;1
1143;0,34;1
1144;0,33;1
1145;0,3;1
1146;0,28;1
1147;0,25;1
1148;0,28;1
1149;0,26;1
1150;0,23;0,99
1151;0,23;0,94
1152;0,29;0,98
1153;0,34;1
1154;0,33;0,89
1155;0,37;1
1156;0,39;0,98
1157;0,38;0,77
1158;0,41;0,61
1159;0,41;0,39
1160;0,44;0,26
1161;0,43;0,25
1162;0,39;0,19
1163;0,41;0,14
1164;0,39;0,26
1165;0,34;0,21
1166;0,31;0,2
1167;0,29;0,12
1168;0,3;0,12
1169;0,31;0,03
1170;0,29;0
1171;0,3;0
1172;0,29;0
1173;0,29;0
1174;0,29;0
1175;0,3;0
1176;0,28;0
1177;0,29;0
1178;0,29;0
1179;0,3;0,11
1180;0,32;0,21
1181;0,3;0,31
1182;0,28;0,45
1183;0,28;0,59
1184;0,27;0,52
1185;0,28;0,39
1186;0,3;0,3
1187;0,31;0,17
1188;0,31;0,01
1189;0,3;0,22
1190;0,28;0,23
1191;0,29;0,16
1192;0,27;0,24
1193;0,28;0,29
1194;0,27;0,48
1195;0,29;0,51
1196;0,31;0,53
1197;0,3;0,44
1198;0,31;0,33
1199;0,31;0,39
1200;0,31;0,38
1201;0,3;0,43
1202;0,27;0,4
1203;0,28;0,29
1204;0,3;0,28
1205;0,3;0,34
1206;0,35;0,57
1207;0,38;0,55
1208;0,4;0,63
1209;0,43;0,59
1210;0,4;0,65
1211;0,34;0,59
1212;0,32;0,59
1213;0,32;0,72
1214;0,33;0,95
1215;0,31;0,93
1216;0,3;0,98
1217;0,26;0,98
1218;0,26;1
1219;0,29;1
1220;0,31;1
1221;0,32;1
1222;0,32;1
1223;0,37;1
1224;0,34;1
1225;0,32;1
1226;0,3;1
1227;0,28;1
1228;0,26;1
1229;0,26;1
1230;0,24;1
1231;0,27;1
1232;0,25;1
1233;0,22;1
1234;0,23;1
1235;0,23;1
1236;0,19;0,92
1237;0,21;0,77
1238;0,23;0,65
1239;0,24;0,48
1240;0,22;0,46
1241;0,22;0,43
1242;0,24;0,38
1243;0,25;0,32
1244;0,25;0,48
1245;0,26;0,47
1246;0,25;0,42
1247;0,25;0,3
1248;0,27;0,37
1249;0,28;0,4
1250;0,3;0,48
1251;0,29;0,36
1252;0,29;0,29
1253;0,27;0,21
1254;0,27;0,11
1255;0,27;0,15
1256;0,27;0,24
1257;0,3;0,2
1258;0,31;0,12
1259;0,31;0,08
1260;0,32;0,04
1261;0,3;0
1262;0,26;0
1263;0,26;0
1264;0,27;0
1265;0,26;0
1266;0,27;0
1267;0,28;0
1268;0,25;0
1269;0,25;0
1270;0,26;0
1271;0,24;0
1272;0,23;0
1273;0,25;0
1274;0,26;0
1275;0,28;0
1276;0,26;0
1277;0,25;0
1278;0,25;0
1279;0,22;0
1280;0,22;0
1281;0,24;0
1282;0,25;0
1283;0,27;0,07
1284;0,28;0,13
1285;0,29;0,09
1286;0,31;0,18
1287;0,31;0,31
1288;0,3;0,39
1289;0,28;0,58
1290;0,31;0,71
1291;0,32;1
1292;0,32;1
1293;0,31;1
1294;0,28;1
1295;0,25;1
1296;0,26;1
1297;0,24;0,98
1298;0,21;0,89
1299;0,26;0,89
1300;0,28;1
1301;0,27;1
1302;0,25;1
1303;0,27;1
1304;0,28;1
1305;0,26;1
1306;0,26;1
1307;0,26;1
1308;0,28;0,87
1309;0,29;0,67
1310;0,28;0,43
1311;0,25;0,4
1312;0,25;0,27
1313;0,24;0,31
1314;0,29;0,32
1315;0,28;0,41
1316;0,27;0,3
1317;0,3;0,26
1318;0,3;0,21
1319;0,28;0,1
1320;0,32;0
1321;0,31;0
1322;0,3;0
1323;0,31;0
1324;0,29;0
1325;0,27;0
1326;0,28;0
1327;0,26;0
1328;0,25;0
1329;0,28;0
1330;0,28;0
1331;0,29;0
1332;0,27;0
1333;0,29;0
1334;0,29;0
1335;0,27;0
1336;0,25;0
1337;0,26;0
1338;0,25;0
1339;0,25;0
1340;0,25;0
1341;0,27;0
1342;0,28;0
1343;0,26;0
1344;0,25;0
1345;0,27;0
1346;0,26;0
1347;0,26;0
1348;0,27;0
1349;0,29;0
1350;0,32;0
1351;0,31;0
1352;0,29;0
1353;0,29;0
1354;0,27;0
1355;0,27;0
1356;0,28;0
1357;0,3;0
1358;0,33;0
1359;0,33;0
1360;0,33;0,02
1361;0,35;0,68
1362;0,38;1
1363;0,38;1
1364;0,35;1
1365;0,34;1
1366;0,38;1
1367;0,36;1
1368;0,32;1
1369;0,34;1
1370;0,32;1
1371;0,31;1
1372;0,35;1
1373;0,38;1
1374;0,41;1
1375;0,38;1
1376;0,38;1
1377;0,41;1
1378;0,36;1
1379;0,33;1
1380;0,3;1
1381;0,31;1
1382;0,31;0,93
1383;0,31;0,87
1384;0,38;0,79
1385;0,4;0,74
1386;0,38;1
1387;0,35;1
1388;0,34;1
1389;0,32;1
1390;0,32;1
1391;0,33;1
1392;0,32;1
1393;0,3;1
1394;0,28;1
1395;0,23;1
1396;0,22;1
1397;0,25;1
1398;0,25;0,89
1399;0,24;0,82
1400;0,23;0,65
1401;0,22;0,51
1402;0,23;0,41
1403;0,23;0,45
1404;0,25;0,56
1405;0,26;0,57
1406;0,26;0,57
1407;0,25;0,48
1408;0,23;0,3
1409;0,21;0,12
1410;0,22;0,1
1411;0,22;0,07
1412;0,21;0,2
1413;0,22;0,1
1414;0,21;0,03
1415;0,23;0
1416;0,26;0
1417;0,25;0
1418;0,25;0
1419;0,26;0
1420;0,24;0
1421;0,24;0
1422;0,24;0
1423;0,23;0
1424;0,22;0
1425;0,22;0
1426;0,22;0
1427;0,24;0
1428;0,22;0
1429;0,22;0
1430;0,24;0
1431;0,23;0
1432;0,23;0
1433;0,24;0
1434;0,24;0
1435;0,25;0
1436;0,23;0
1437;0,24;0
1438;0,25;0
1439;0,22;0
1440;0,2;0
1441;0,22;0
1442;0,22;0
1443;0,22;0
1444;0,2;0
1445;0,22;0
1446;0,26;0
1447;0,25;0
1448;0,25;0
1449;0,27;0
1450;0,27;0
1451;0,28;0
1452;0,28;0
1453;0,26;0
1454;0,3;0,59
1455;0,32;0,97
1456;0,3;1
1457;0,31;1
1458;0,27;1
1459;0,33;1
1460;0,34;1
1461;0,35;1
1462;0,39;1
1463;0,42;1
1464;0,4;1
1465;0,39;1
1466;0,33;1
1467;0,29;1
1468;0,35;1
1469;0,34;1
1470;0,32;1
1471;0,3;1
1472;0,26;1
1473;0,28;1
1474;0,3;1
1475;0,33;1
1476;0,36;1
1477;0,41;1
1478;0,41;1
1479;0,37;1
1480;0,41;1
1481;0,43;1
1482;0,49;1
1483;0,5;1
1484;0,48;1
1485;0,44;0,91
1486;0,4;0,96
1487;0,39;0,78
1488;0,35;0,74
1489;0,35;0,61
1490;0,35;0,44
1491;0,33;0,32
1492;0,31;0,29
1493;0,29;0,19
1494;0,27;0,09
1495;0,27;0,06
1496;0,25;0
1497;0,23;0
1498;0,23;0
1499;0,21;0
1500;0,22;0
1501;0,23;0
1502;0,24;0
1503;0,22;0
1504;0,22;0
1505;0,23;0
1506;0,23;0
1507;0,24;0
1508;0,24;0
1509;0,25;0
1510;0,26;0
1511;0,24;0
1512;0,25;0
1513;0,25;0
1514;0,22;0
1515;0,2;0
1516;0,22;0
1517;0,22;0
1518;0,24;0
1519;0,26;0
1520;0,26;0
1521;0,27;0
1522;0,25;0
1523;0,22;0
1524;0,24;0
1525;0,24;0
1526;0,25;0
1527;0,28;0
1528;0,29;0
1529;0,32;0
1530;0,31;0
1531;0,31;0
1532;0,38;0,33
1533;0,35;0,78
1534;0,33;1
1535;0,35;1
1536;0,34;1
1537;0,37;1
1538;0,38;1
1539;0,38;1
1540;0,4;1
1541;0,41;1
1542;0,36;1
1543;0,35;1
1544;0,34;1
1545;0,33;1
1546;0,29;1
1547;0,3;1
1548;0,3;1
1549;0,3;1
1550;0,31;1
1551;0,28;1
1552;0,31;1
1553;0,31;1
1554;0,27;1
1555;0,24;1
1556;0,26;0,85
1557;0,24;0,87
1558;0,24;0,87
1559;0,26;0,79
1560;0,29;0,62
1561;0,33;0,44
1562;0,29;0,34
1563;0,35;0,35
1564;0,36;0,32
1565;0,37;0,31
1566;0,38;0,3
1567;0,4;0,18
1568;0,39;0,09
1569;0,42;0
1570;0,47;0
1571;0,47;0
1572;0,5;0
1573;0,54;0
1574;0,54;0
1575;0,59;0
1576;0,6;0
1577;0,58;0
1578;0,6;0
1579;0,56;0
1580;0,52;0
1581;0,47;0
1582;0,41;0
1583;0,37;0
1584;0,34;0
1585;0,31;0
1586;0,29;0
1587;0,29;0
1588;0,28;0
1589;0,29;0
1590;0,3;0
1591;0,33;0
1592;0,34;0
1593;0,33;0
1594;0,37;0
1595;0,38;0
1596;0,38;0
1597;0,39;0
1598;0,38;0
1599;0,37;0
1600;0,38;0
1601;0,34;0
1602;0,35;0
1603;0,33;0
1604;0,29;0
1605;0,27;0
1606;0,33;0,22
1607;0,36;0,73
1608;0,36;1
1609;0,35;1
1610;0,35;1
1611;0,33;1
1612;0,28;1
1613;0,25;1
1614;0,28;1
1615;0,3;0,95
1616;0,31;0,89
1617;0,29;0,89
1618;0,27;0,73
1619;0,28;0,44
1620;0,26;0,17
1621;0,25;0
1622;0,28;0
1623;0,26;0
1624;0,26;0
1625;0,26;0
1626;0,26;0
1627;0,27;0
1628;0,26;0
1629;0,25;0
1630;0,26;0
1631;0,25;0
1632;0,25;0
1633;0,27;0
1634;0,28;0
1635;0,31;0
1636;0,3;0,17
1637;0,27;0,63
1638;0,33;0,99
1639;0,3;1
1640;0,28;1
1641;0,3;1
1642;0,27;1
1643;0,26;1
1644;0,25;1
1645;0,29;1
1646;0,29;1
1647;0,24;0,91
1648;0,23;1
1649;0,25;0,93
1650;0,27;1
1651;0,25;1
1652;0,22;1
1653;0,27;1
1654;0,28;1
1655;0,27;0,97
1656;0,29;0,79
1657;0,3;0,72
1658;0,3;0,6
1659;0,3;0,67
1660;0,29;0,52
1661;0,31;0,37
1662;0,31;0,31
1663;0,31;0,41
1664;0,34;0,52
1665;0,34;0,53
1666;0,32;0,55
1667;0,32;0,53
1668;0,32;0,68
1669;0,35;0,76
1670;0,4;0,68
1671;0,39;0,6
1672;0,4;0,5
1673;0,43;0,44
1674;0,43;0,5
1675;0,39;0,37
1676;0,39;0,29
1677;0,4;0,22
1678;0,38;0,11
1679;0,39;0
1680;0,41;0
1681;0,4;0
1682;0,47;0
1683;0,52;0
1684;0,53;0
1685;0,59;0
1686;0,6;0
1687;0,56;0
1688;0,51;0
1689;0,45;0
1690;0,42;0
1691;0,4;0
1692;0,37;0
1693;0,36;0
1694;0,36;0
1695;0,33;0
1696;0,33;0
1697;0,32;0
1698;0,33;0
1699;0,34;0
1700;0,33;0
1701;0,35;0
1702;0,34;0
1703;0,32;0
1704;0,3;0
1705;0,31;0
1706;0,29;0
1707;0,28;0
1708;0,28;0
1709;0,28;0
1710;0,28;0
1711;0,25;0
1712;0,24;0
1713;0,25;0
1714;0,25;0
1715;0,25;0
1716;0,24;0
1717;0,25;0
1718;0,26;0
1719;0,24;0
1720;0,24;0
1721;0,26;0
1722;0,26;0
1723;0,25;0
1724;0,25;0
1725;0,26;0
1726;0,27;0
1727;0,25;0
1728;0,24;0
1729;0,27;0
1730;0,27;0
1731;0,28;0
1732;0,33;0
1733;0,33;0
1734;0,35;0
1735;0,35;0
1736;0,37;0
1737;0,44;0
1738;0,41;0
1739;0,39;0
1740;0,43;0
1741;0,39;0
1742;0,36;0
1743;0,34;0
1744;0,35;0
1745;0,42;0
1746;0,42;0
1747;0,39;0
1748;0,42;0
1749;0,44;0
1750;0,46;0
1751;0,47;0
1752;0,43;0
1753;0,43;0
1754;0,4;0
1755;0,38;0
1756;0,43;0
1757;0,42;0
1758;0,45;0
1759;0,5;0
1760;0,52;0
1761;0,56;0
1762;0,57;0
1763;0,56;0
1764;0,58;0
1765;0,52;0
1766;0,5;0
1767;0,55;0
1768;0,5;0
1769;0,51;0
1770;0,44;0
1771;0,36;0
1772;0,36;0
1773;0,3;0
1774;0,27;0
1775;0,26;0
1776;0,28;0
1777;0,28;0
1778;0,26;0
1779;0,27;0
1780;0,31;0
1781;0,3;0
1782;0,28;0
1783;0,25;0
1784;0,22;0
1785;0,24;0
1786;0,22;0
1787;0,24;0
1788;0,25;0
1789;0,23;0
1790;0,22;0
1791;0,23;0
1792;0,25;0
1793;0,26;0
1794;0,24;0
1795;0,24;0
1796;0,27;0
1797;0,25;0
1798;0,24;0
1799;0,24;0
1800;0,24;0
1801;0,24;0
1802;0,23;0
1803;0,2;0
1804;0,21;0
1805;0,2;0
1806;0,2;0
1807;0,25;0
1808;0,26;0
1809;0,26;0
1810;0,23;0
1811;0,21;0
1812;0,24;0
1813;0,23;0
1814;0,21;0
1815;0,22;0
1816;0,22;0
1817;0,22;0
1818;0,2;0
1819;0,21;0
1820;0,22;0
1821;0,21;0
1822;0,21;0
1823;0,22;0
1824;0,22;0
1825;0,22;0
1826;0,21;0
1827;0,22;0
1828;0,24;0
1829;0,22;0
1830;0,22;0
1831;0,23;0
1832;0,22;0
1833;0,22;0
1834;0,2;0
1835;0,2;0
1836;0,21;0
1837;0,19;0
1838;0,2;0
1839;0,22;0
1840;0,22;0
1841;0,23;0
1842;0,22;0
1843;0,24;0
1844;0,26;0
1845;0,24;0
1846;0,25;0
1847;0,25;0
1848;0,25;0
1849;0,25;0
1850;0,24;0
1851;0,25;0
1852;0,25;0
1853;0,23;0
1854;0,24;0
1855;0,24;0
1856;0,22;0
1857;0,22;0
1858;0,21;0
1859;0,22;0
1860;0,23;0
1861;0,22;0
1862;0,24;0
1863;0,25;0
1864;0,24;0
1865;0,24;0
1866;0,23;0
1867;0,24;0
1868;0,23;0
1869;0,21;0
1870;0,23;0
1871;0,23;0
1872;0,21;0
1873;0,21;0
1874;0,22;0
1875;0,21;0
1876;0,21;0
1877;0,2;0
1878;0,2;0
1879;0,21;0
1880;0,2;0
1881;0,21;0
1882;0,22;0
1883;0,22;0
1884;0,23;0
1885;0,22;0
1886;0,23;0
1887;0,23;0
1888;0,21;0
1889;0,22;0
1890;0,22;0
1891;0,22;0
1892;0,21;0
1893;0,21;0
1894;0,25;0
1895;0,27;0
1896;0,27;0
1897;0,28;0
1898;0,28;0
1899;0,25;0
1900;0,24;0
1901;0,23;0
1902;0,22;0
1903;0,23;0
1904;0,22;0
1905;0,2;0
1906;0,23;0
1907;0,22;0
1908;0,21;0
1909;0,22;0
1910;0,22;0
1911;0,23;0
1912;0,21;0
1913;0,2;0
1914;0,21;0
1915;0,19;0
1916;0,19;0
1917;0,19;0
1918;0,19;0
1919;0,2;0
1920;0,19;0
1921;0,2;0
1922;0,22;0
1923;0,2;0
1924;0,19;0
1925;0,2;0
1926;0,2;0
1927;0,21;0
1928;0,2;0
1929;0,21;0
1930;0,22;0
1931;0,2;0
1932;0,2;0
1933;0,21;0
1934;0,2;0
1935;0,2;0
1936;0,19;0
1937;0,2;0
1938;0,21;0
1939;0,2;0
1940;0,19;0
1941;0,2;0
1942;0,19;0
1943;0,2;0
1944;0,19;0
1945;0,21;0
1946;0,23;0
1947;0,23;0
1948;0,24;0
1949;0,24;0
1950;0,24;0
1951;0,23;0
1952;0,22;0
1953;0,22;0
1954;0,23;0
1955;0,22;0
1956;0,2;0
1957;0,21;0
1958;0,21;0
1959;0,2;0
1960;0,2;0
1961;0,19;0
1962;0,68;0,48
1963;0,93;0,91
1964;1;1
1965;1;1
1966;1;1
1967;1;0,95
1968;1;0,58
1969;0,99;0,39
1970;0,83;0,26
1971;0,72;0,19
1972;0,72;0,21
1973;0,89;0,22
1974;0,92;0,23
1975;0,76;0,25
1976;0,7;0,21
1977;0,82;0,19
1978;0,97;0,13
1979;0,98;0,08
1980;0,9;0,03
1981;0,95;0,01
1982;1;0
1983;1;0
1984;1;0
1985;1;0
1986;1;0
1987;1;0
1988;1;0
1989;1;0
1990;1;0
1991;1;0
1992;1;0
1993;1;0
1994;1;0
1995;1;0
1996;1;0
1997;0,9;0
1998;0,8;0
1999;0,89;0
2000;0,96;0
2001;0,94;0
2002;0,8;0
2003;0,69;0
2004;0,63;0
2005;0,58;0
2006;0,49;0
2007;0,43;0
2008;0,41;0
2009;0,36;0
2010;0,34;0
2011;0,33;0
2012;0,35;0
2013;0,39;0
2014;0,42;0
2015;0,43;0
2016;0,51;0
2017;0,54;0
2018;0,54;0
2019;0,64;0
2020;0,65;0
2021;0,68;0
2022;0,67;0,07
2023;0,61;0,24
2024;0,64;0,35
2025;0,62;0,52
2026;0,55;0,7
2027;0,54;0,91
2028;0,51;1
2029;0,46;1
2030;0,43;1
2031;0,43;1
2032;0,41;1
2033;0,42;1
2034;0,42;1
2035;0,41;1
2036;0,4;1
2037;0,37;1
2038;0,33;1
2039;0,37;1
2040;0,39;1
2041;0,4;1
2042;0,42;0,92
2043;0,44;0,86
2044;0,44;0,82
2045;0,44;0,64
2046;0,42;0,72
2047;0,43;0,59
2048;0,43;0,55
2049;0,4;0,44
2050;0,4;0,37
2051;0,4;0,27
2052;0,36;0,2
2053;0,36;0,3
2054;0,36;0,3
2055;0,36;0,36
2056;0,37;0,33
2057;0,34;0,32
2058;0,3;0,38
2059;0,31;0,63
2060;0,3;0,66
2061;0,37;0,82
2062;0,41;0,76
2063;0,44;0,75
2064;0,44;0,68
2065;0,45;0,67
2066;0,41;0,53
2067;0,4;0,36
2068;0,4;0,39
2069;0,39;0,33
2070;0,39;0,21
2071;0,4;0,24
2072;0,38;0,16
2073;0,38;0,02
2074;0,37;0
2075;0,36;0
2076;0,36;0
2077;0,37;0
2078;0,38;0
2079;0,38;0
2080;0,4;0
2081;0,38;0
2082;0,38;0
2083;0,39;0
2084;0,39;0
2085;0,38;0
2086;0,38;0
2087;0,37;0
2088;0,39;0
2089;0,37;0
2090;0,36;0
2091;0,37;0
2092;0,37;0
2093;0,37;0
2094;0,36;0
2095;0,38;0
2096;0,39;0
2097;0,37;0
2098;0,38;0
2099;0,39;0
2100;0,38;0
2101;0,37;0
2102;0,37;0
2103;0,38;0
2104;0,38;0
2105;0,37;0
2106;0,36;0
2107;0,39;0
2108;0,38;0
2109;0,37;0
2110;0,39;0
2111;0,39;0
2112;0,4;0
2113;0,39;0
2114;0,38;0
2115;0,4;0
2116;0,38;0
2117;0,36;0
2118;0,37;0
2119;0,36;0
2120;0,37;0
2121;0,36;0
2122;0,36;0
2123;0,38;0
2124;0,37;0
2125;0,35;0
2126;0,35;0
2127;0,36;0
2128;0,38;0
2129;0,38;0
2130;0,41;0
2131;0,44;0
2132;0,42;0,14
2133;0,42;0,75
2134;0,49;1
2135;0,45;1
2136;0,44;1
2137;0,43;1
2138;0,43;1
2139;0,44;1
2140;0,38;1
2141;0,39;1
2142;0,43;0,9
2143;0,42;0,92
2144;0,41;0,92
2145;0,47;0,83
2146;0,51;0,77
2147;0,53;0,94
2148;0,52;1
2149;0,53;1
2150;0,51;1
2151;0,48;0,91
2152;0,46;0,57
2153;0,44;0,27
2154;0,45;0,06
2155;0,45;0
2156;0,42;0
2157;0,43;0
2158;0,43;0
2159;0,4;0
2160;0,4;0
2161;0,38;0
2162;0,4;0
2163;0,38;0
2164;0,38;0,17
2165;0,4;0,76
2166;0,42;1
2167;0,45;1
2168;0,44;1
2169;0,41;1
2170;0,36;1
2171;0,36;1
2172;0,4;1
2173;0,48;1
2174;0,5;1
2175;0,47;0,82
2176;0,47;0,45
2177;0,46;0,18
2178;0,46;0
2179;0,46;0
2180;0,42;0
2181;0,41;0
2182;0,41;0
2183;0,37;0
2184;0,35;0
2185;0,37;0
2186;0,37;0
2187;0,39;0
2188;0,39;0,54
2189;0,42;0,94
2190;0,47;1
2191;0,58;1
2192;0,62;1
2193;0,63;1
2194;0,59;1
2195;0,53;1
2196;0,5;1
2197;0,45;1
2198;0,45;0,87
2199;0,41;0,5
2200;0,39;0,21
2201;0,39;0,02
2202;0,37;0
2203;0,36;0
2204;0,36;0
2205;0,36;0
2206;0,37;0
2207;0,35;0
2208;0,34;0
2209;0,38;0
2210;0,36;0
2211;0,34;0
2212;0,34;0
2213;0,28;0
2214;0,32;0,05
2215;0,39;0,43
2216;0,42;0,59
2217;0,46;0,73
2218;0,44;0,67
2219;0,44;0,76
2220;0,46;0,72
2221;0,42;0,68
2222;0,43;1
2223;0,44;1
2224;0,43;1
2225;0,43;1
2226;0,39;0,81
2227;0,39;0,5
2228;0,39;0,23
2229;0,4;0,06
2230;0,42;0
2231;0,41;0
2232;0,47;0
2233;0,49;0
2234;0,49;0
2235;0,53;0
2236;0,53;0
2237;0,56;0
2238;0,56;0,16
2239;0,52;0,32
2240;0,47;0,55
2241;0,48;0,94
2242;0,52;1
2243;0,6;1
2244;0,61;1
2245;0,56;1
2246;0,52;1
2247;0,46;1
2248;0,45;0,85
2249;0,45;0,53
2250;0,42;0,23
2251;0,41;0,02
2252;0,42;0
2253;0,4;0
2254;0,39;0
2255;0,39;0
2256;0,39;0
2257;0,41;0
2258;0,4;0
2259;0,43;0
2260;0,44;0,48
2261;0,43;0,91
2262;0,45;1
2263;0,51;1
2264;0,55;1
2265;0,57;1
2266;0,55;1
2267;0,53;1
2268;0,52;1
2269;0,48;0,76
2270;0,42;0,53
2271;0,41;0,27
2272;0,4;0,04
2273;0,4;0
2274;0,39;0
2275;0,4;0
2276;0,41;0
2277;0,38;0
2278;0,37;0
2279;0,39;0
2280;0,4;0
2281;0,42;0
2282;0,51;0,11
2283;0,57;0,67
2284;0,62;1
2285;0,51;1
2286;0,44;1
2287;0,41;1
2288;0,33;0,99
2289;0,36;0,9
2290;0,39;0,65
2291;0,46;0,63
2292;0,49;0,41
2293;0,49;0,21
2294;0,52;0,04
2295;0,5;0
2296;0,52;0
2297;0,53;0
2298;0,52;0
2299;0,59;0
2300;0,6;0
2301;0,62;0
2302;0,7;0,01
2303;0,67;0,59
2304;0,58;0,83
2305;0,49;0,75
2306;0,49;0,71
2307;0,49;0,82
2308;0,52;1
2309;0,51;1
2310;0,47;1
2311;0,47;1
2312;0,43;1
2313;0,41;0,65
2314;0,39;0,31
2315;0,4;0,07
2316;0,42;0
2317;0,41;0
2318;0,47;0,1
2319;0,55;0,29
2320;0,53;0,54
2321;0,54;0,94
2322;0,52;0,99
2323;0,45;1
2324;0,45;1
2325;0,4;1
2326;0,38;0,95
2327;0,4;0,78
2328;0,39;0,49
2329;0,37;0,29
2330;0,38;0,1
2331;0,38;0
2332;0,39;0
2333;0,37;0
2334;0,37;0
2335;0,38;0
2336;0,36;0
2337;0,35;0
2338;0,36;0
2339;0,36;0
2340;0,4;0
2341;0,6;0,04
2342;0,71;0,23
2343;0,64;0,62
2344;0,58;0,69
2345;0,55;0,66
2346;0,55;0,62
2347;0,49;0,45
2348;0,48;0,39
2349;0,48;0,39
2350;0,47;0,39
2351;0,45;0,29
2352;0,42;0,09
2353;0,39;0
2354;0,41;0
2355;0,39;0
2356;0,38;0
2357;0,36;0
2358;0,37;0
2359;0,35;0
2360;0,33;0
2361;0,31;0
2362;0,36;0,06
2363;0,34;0,52
2364;0,37;0,66
2365;0,39;0,71
2366;0,41;0,49
2367;0,42;0,5
2368;0,44;0,44
2369;0,45;0,51
2370;0,46;0,43
2371;0,42;0,38
2372;0,38;0,23
2373;0,37;0,07
2374;0,36;0
2375;0,37;0
2376;0,35;0
2377;0,36;0
2378;0,38;0
2379;0,37;0
2380;0,4;0
2381;0,41;0
2382;0,4;0,38
2383;0,37;0,86
2384;0,41;1
2385;0,46;1
2386;0,43;1
2387;0,41;1
2388;0,42;1
2389;0,43;0,85
2390;0,41;0,53
2391;0,4;0,26
2392;0,38;0,05
2393;0,38;0
2394;0,38;0
2395;0,36;0
2396;0,36;0
2397;0,36;0
2398;0,36;0
2399;0,37;0
2400;0,37;0
2401;0,36;0,1
2402;0,44;0,51
2403;0,52;0,73
2404;0,5;0,8
2405;0,58;1
2406;0,55;1
2407;0,52;1
2408;0,48;0,96
2409;0,43;0,78
2410;0,43;0,47
2411;0,39;0,19
2412;0,37;0
2413;0,38;0
2414;0,36;0
2415;0,37;0
2416;0,37;0
2417;0,4;0
2418;0,42;0
2419;0,43;0
2420;0,51;0
2421;0,66;0,57
2422;0,69;0,75
2423;0,66;0,81
2424;0,61;1
2425;0,55;1
2426;0,5;1
2427;0,44;0,86
2428;0,43;0,71
2429;0,42;0,48
2430;0,4;0,23
2431;0,38;0,04
2432;0,38;0
2433;0,37;0
2434;0,37;0
2435;0,36;0
2436;0,37;0
2437;0,41;0
2438;0,43;0
2439;0,42;0
2440;0,44;0,03
2441;0,49;0,35
2442;0,51;0,54
2443;0,56;0,93
2444;0,49;1
2445;0,48;0,97
2446;0,47;0,89
2447;0,45;0,62
2448;0,48;0,55
2449;0,46;0,34
2450;0,44;0,29
2451;0,43;0,25
2452;0,42;0,11
2453;0,42;0
2454;0,38;0
2455;0,37;0
2456;0,37;0
2457;0,35;0
2458;0,32;0
2459;0,32;0,17
2460;0,27;0,42
2461;0,28;0,75
2462;0,28;1
2463;0,29;1
2464;0,35;1
2465;0,39;1
2466;0,39;1
2467;0,38;0,88
2468;0,41;0,65
2469;0,41;0,59
2470;0,41;0,41
2471;0,44;0,18
2472;0,44;0,03
2473;0,44;0
2474;0,44;0
2475;0,42;0
2476;0,42;0
2477;0,42;0
2478;0,4;0
2479;0,42;0
2480;0,42;0
2481;0,43;0,2
2482;0,39;0,57
2483;0,42;0,82
2484;0,42;0,86
2485;0,43;0,81
2486;0,41;0,69
2487;0,36;0,75
2488;0,37;0,76
2489;0,36;0,73
2490;0,36;0,7
2491;0,37;0,6
2492;0,37;0,35
2493;0,37;0,16
2494;0,36;0
2495;0,39;0
2496;0,39;0
2497;0,37;0
2498;0,35;0
2499;0,36;0
2500;0,35;0
2501;0,36;0
2502;0,36;0
2503;0,4;0
2504;0,49;0,02
2505;0,45;0
2506;0,43;0
2507;0,43;0
2508;0,42;0
2509;0,41;0
2510;0,38;0,04
2511;0,35;0,06
2512;0,39;0,06
2513;0,36;0,08
2514;0,36;0,06
2515;0,39;0,02
2516;0,42;0,03
2517;0,43;0,23
2518;0,44;0,45
2519;0,49;0,51
2520;0,5;0,54
2521;0,45;0,64
2522;0,49;0,93
2523;0,47;0,98
2524;0,44;0,92
2525;0,45;0,97
2526;0,46;0,89
2527;0,51;0,62
2528;0,53;0,35
2529;0,51;0,33
2530;0,53;0,18
2531;0,51;0,15
2532;0,49;0,12
2533;0,5;0,08
2534;0,49;0
2535;0,52;0,04
2536;0,5;0,33
2537;0,44;0,83
2538;0,41;1
2539;0,43;1
2540;0,46;1
2541;0,46;1
2542;0,46;1
2543;0,46;1
2544;0,47;0,92
2545;0,47;0,67
2546;0,51;0,47
2547;0,51;0,24
2548;0,5;0,24
2549;0,53;0,12
2550;0,54;0,1
2551;0,57;0
2552;0,6;0
2553;0,57;0
2554;0,58;0
2555;0,55;0
2556;0,5;0
2557;0,46;0
2558;0,44;0
2559;0,41;0
2560;0,39;0,09
2561;0,39;0,71
2562;0,41;0,85
2563;0,44;0,78
2564;0,42;0,59
2565;0,39;0,57
2566;0,38;0,37
2567;0,36;0,24
2568;0,36;0,13
2569;0,36;0
2570;0,37;0
2571;0,38;0
2572;0,36;0
2573;0,36;0
2574;0,37;0
2575;0,36;0
2576;0,38;0
2577;0,38;0,05
2578;0,38;0,21
2579;0,39;0,54
2580;0,42;0,59
2581;0,47;0,56
2582;0,5;0,52
2583;0,48;0,42
2584;0,51;0,54
2585;0,53;0,68
2586;0,51;0,6
2587;0,48;0,47
2588;0,44;0,29
2589;0,45;0,22
2590;0,42;0,24
2591;0,36;0,25
2592;0,35;0,16
2593;0,31;0,19
2594;0,31;0,18
2595;0,31;0,15
2596;0,32;0,12
2597;0,38;0,36
2598;0,42;0,44
2599;0,41;0,47
2600;0,47;0,63
2601;0,42;0,96
2602;0,38;0,87
2603;0,36;0,84
2604;0,35;0,68
2605;0,35;0,45
2606;0,37;0,4
2607;0,37;0,22
2608;0,39;0,18
2609;0,41;0,07
2610;0,39;0
2611;0,38;0
2612;0,4;0
2613;0,4;0
2614;0,41;0
2615;0,4;0
2616;0,39;0
2617;0,42;0
2618;0,41;0
2619;0,41;0
2620;0,42;0,12
2621;0,46;0,17
2622;0,49;0,25
2623;0,49;0,34
2624;0,47;0,44
2625;0,5;0,43
2626;0,48;0,34
2627;0,44;0,26
2628;0,44;0,24
2629;0,43;0,1
2630;0,43;0,52
2631;0,39;0,49
2632;0,37;0,38
2633;0,37;0,29
2634;0,36;0,22
2635;0,35;0,18
2636;0,38;0,22
2637;0,37;0,49
2638;0,39;0,73
2639;0,36;1
2640;0,38;1
2641;0,46;1
2642;0,43;1
2643;0,39;0,82
2644;0,36;0,63
2645;0,39;0,58
2646;0,44;0,7
2647;0,42;1
2648;0,44;1
2649;0,47;1
2650;0,45;1
2651;0,41;1
2652;0,39;1
2653;0,43;1
2654;0,42;1
2655;0,43;1
2656;0,41;1
2657;0,43;0,94
2658;0,41;0,81
2659;0,39;0,8
2660;0,38;0,74
2661;0,35;0,74
2662;0,33;0,65
2663;0,34;0,45
2664;0,33;0,3
2665;0,33;0,12
2666;0,35;0
2667;0,34;0
2668;0,37;0
2669;0,39;0
2670;0,41;0
2671;0,4;0
2672;0,4;0
2673;0,4;0
2674;0,4;0
2675;0,38;0,01
2676;0,4;0,35
2677;0,44;0,85
2678;0,43;1
2679;0,41;1
2680;0,41;1
2681;0,41;1
2682;0,39;0,99
2683;0,36;1
2684;0,39;0,88
2685;0,45;0,9
2686;0,41;0,79
2687;0,39;0,65
2688;0,38;0,39
2689;0,36;0,2
2690;0,35;0,04
2691;0,36;0
2692;0,37;0
2693;0,37;0
2694;0,37;0
2695;0,38;0
2696;0,38;0
2697;0,37;0
2698;0,35;0
2699;0,35;0
2700;0,38;0,35
2701;0,4;0,81
2702;0,43;1
2703;0,45;1
2704;0,43;0,88
2705;0,44;0,62
2706;0,43;0,62
2707;0,43;0,74
2708;0,45;0,59
2709;0,46;0,42
2710;0,45;0,23
2711;0,43;0,06
2712;0,41;0
2713;0,38;0
2714;0,37;0
2715;0,36;0
2716;0,37;0
2717;0,38;0
2718;0,36;0
2719;0,35;0
2720;0,39;0
2721;0,37;0,15
2722;0,33;0,3
2723;0,36;0,35
2724;0,36;0,51
2725;0,41;0,62
2726;0,4;0,46
2727;0,38;0,38
2728;0,43;0,38
2729;0,42;0,21
2730;0,4;0,11
2731;0,4;0
2732;0,39;0
2733;0,41;0
2734;0,41;0
2735;0,4;0
2736;0,43;0
2737;0,41;0
2738;0,39;0
2739;0,41;0,03
2740;0,41;0,02
2741;0,42;0,2
2742;0,39;0,3
2743;0,41;0,82
2744;0,43;1
2745;0,46;1
2746;0,49;1
2747;0,49;1
2748;0,48;0,89
2749;0,46;0,8
2750;0,42;0,82
2751;0,43;0,86
2752;0,41;0,9
2753;0,35;0,7
2754;0,35;0,53
2755;0,39;0,54
2756;0,4;0,56
2757;0,44;0,81
2758;0,43;0,61
2759;0,42;0,41
2760;0,42;0,18
2761;0,39;0,07
2762;0,37;0
2763;0,37;0
2764;0,37;0
2765;0,36;0
2766;0,37;0
2767;0,35;0
2768;0,35;0
2769;0,36;0
2770;0,33;0,02
2771;0,27;0
2772;0,29;0
2773;0,29;0
2774;0,38;0
2775;0,41;0
2776;0,4;0
2777;0,43;0
2778;0,39;0,05
2779;0,37;0,3
2780;0,38;0,56
2781;0,34;0,81
2782;0,34;0,95
2783;0,33;0,94
2784;0,41;0,9
2785;0,43;0,9
2786;0,4;0,95
2787;0,38;0,98
2788;0,44;0,89
2789;0,43;0,77
2790;0,43;0,52
2791;0,4;0,54
2792;0,4;0,49
2793;0,39;0,56
2794;0,36;0,4
2795;0,38;0,32
2796;0,4;0,13
2797;0,4;0,05
2798;0,39;0
2799;0,38;0
2800;0,41;0
2801;0,41;0
2802;0,38;0
2803;0,37;0
2804;0,38;0
2805;0,41;0,09
2806;0,42;0,47
2807;0,45;0,9
2808;0,44;1
2809;0,46;1
2810;0,45;1
2811;0,46;0,97
2812;0,46;0,78
2813;0,45;0,86
2814;0,45;0,72
2815;0,45;0,85
2816;0,44;0,72
2817;0,43;0,45
2818;0,41;0,23
2819;0,4;0,06
2820;0,37;0,15
2821;0,36;0,07
2822;0,37;0,03
2823;0,38;0
2824;0,35;0
2825;0,35;0
2826;0,37;0
2827;0,35;0
2828;0,35;0
2829;0,36;0
2830;0,36;0
2831;0,36;0
2832;0,35;0
2833;0,38;0,54
2834;0,37;0,85
2835;0,33;0,85
2836;0,33;0,79
2837;0,38;0,78
2838;0,43;0,63
2839;0,44;0,81
2840;0,44;0,92
2841;0,48;1
2842;0,46;0,97
2843;0,42;0,97
2844;0,4;0,69
2845;0,39;0,42
2846;0,39;0,26
2847;0,41;0,05
2848;0,43;0
2849;0,45;0
2850;0,46;0
2851;0,44;0
2852;0,44;0
2853;0,43;0
2854;0,4;0
2855;0,39;0
2856;0,43;0
2857;0,44;0,17
2858;0,43;0,43
2859;0,41;0,57
2860;0,39;0,72
2861;0,39;0,59
2862;0,39;0,57
2863;0,4;0,38
2864;0,42;0,27
2865;0,38;0,17
2866;0,36;0,07
2867;0,36;0
2868;0,35;0
2869;0,37;0
2870;0,38;0
2871;0,38;0
2872;0,41;0
2873;0,39;0
2874;0,37;0
2875;0,37;0
2876;0,37;0
2877;0,38;0
2878;0,35;0,29
2879;0,38;0,41
2880;0,52;0,7
2881;0,48;0,99
2882;0,44;1
2883;0,46;1
2884;0,44;1
2885;0,35;1
2886;0,34;1
2887;0,34;0,92
2888;0,35;0,68
2889;0,34;0,39
2890;0,35;0,27
2891;0,36;0,15
2892;0,37;0,04
2893;0,36;0
2894;0,35;0,02
2895;0,38;0
2896;0,39;0
2897;0,37;0
2898;0,37;0
2899;0,38;0
2900;0,35;0
2901;0,33;0
2902;0,34;0
2903;0,34;0
2904;0,36;0
2905;0,34;0
2906;0,34;0
2907;0,36;0
2908;0,35;0
2909;0,3;0
2910;0,3;0
2911;0,33;0
2912;0,33;0
2913;0,33;0
2914;0,35;0
2915;0,39;0
2916;0,44;0
2917;0,42;0
2918;0,43;0
2919;0,45;0
2920;0,46;0
2921;0,42;0
2922;0,46;0
2923;0,46;0
2924;0,42;0
2925;0,35;0
2926;0,43;0
2927;0,47;0
2928;0,49;0
2929;0,46;0
2930;0,44;0
2931;0,45;0
2932;0,37;0
2933;0,35;0
2934;0,41;0
2935;0,4;0
2936;0,4;0
2937;0,46;0
2938;0,45;0
2939;0,42;0
2940;0,38;0
2941;0,3;0
2942;0;0
2943;0;0
2944;0;0
2945;0;0
2946;0;0
2947;0;0
2948;0;0
2949;0;0
2950;0,59;0
2951;0,12;0
2952;0;0
2953;0;0
2954;0,01;0
2955;0,67;0
2956;0,06;0
2957;0;0
2958;0,45;0
2959;0,91;0
2960;1;0
2961;1;0
2962;1;0
2963;1;0
2964;1;0
2965;1;0
2966;1;0
2967;1;0
2968;1;0
2969;1;0
2970;1;0
2971;1;0
2972;1;0
2973;1;0
2974;1;0
2975;1;0
2976;1;0
2977;1;0
2978;1;0
2979;1;0
2980;1;0
2981;1;0
2982;1;0
2983;1;0
2984;1;0
2985;1;0
2986;1;0
2987;1;0
2988;1;0
2989;1;0
2990;1;0
2991;1;0
2992;1;0
2993;1;0
2994;1;0
2995;1;0
2996;1;0
2997;1;0
2998;1;0
2999;1;0
3000;1;0
3001;1;0
3002;1;0
3003;0,75;0
3004;1;0
3005;1;0
3006;1;0
3007;1;0
3008;1;0
3009;1;0
3010;1;0
3011;1;0
3012;1;0
3013;1;0
3014;1;0
3015;1;0
3016;1;0
3017;1;0
3018;1;0
3019;1;0
3020;1;0
3021;1;0
3022;1;0
3023;1;0
3024;1;0
3025;1;0
3026;1;0
3027;1;0
3028;1;0
3029;1;0
3030;1;0
3031;1;0
3032;1;0
3033;1;0
3034;1;0
3035;1;0
3036;1;0
3037;1;0
3038;1;0
3039;1;0
3040;1;0
3041;1;0
3042;1;0
3043;1;0
3044;0,99;0
3045;0,93;0
3046;0,83;0
3047;0,82;0
3048;0,78;0
3049;0,74;0
3050;0,75;0
3051;0,68;0
3052;0,68;0
3053;0,68;0
3054;0,64;0
3055;0,66;0
3056;0,63;0
3057;0,61;0
3058;0,68;0
3059;0,65;0
3060;0,65;0
3061;0,62;0
3062;0,56;0
3063;0,55;0
3064;0,53;0
3065;0,48;0
3066;0,5;0
3067;0,5;0
3068;0,5;0
3069;0,51;0
3070;0,47;0
3071;0,52;0
3072;0,51;0
3073;0,45;0
3074;0,47;0
3075;0,49;0
3076;0,47;0
3077;0,45;0
3078;0,42;0
3079;0,45;0
3080;0,45;0
3081;0,43;0
3082;0,49;0
3083;0,49;0
3084;0,5;0
3085;0,58;0
3086;0,59;0
3087;0,65;0
3088;0,71;0
3089;0,7;0
3090;0,77;0
3091;0,75;0
3092;0,73;0
3093;0,76;0
3094;0,71;0
3095;0,73;0
3096;0,73;0
3097;0,7;0
3098;0,74;0
3099;0,7;0
3100;0,66;0
3101;0,68;0
3102;0,66;0
3103;0,68;0
3104;0,68;0
3105;0,64;0
3106;0,67;0
3107;0,64;0
3108;0,59;0
3109;0,6;0
3110;0,55;0,22
3111;0,56;0,37
3112;0,54;0,39
3113;0,49;0,75
3114;0,56;1
3115;0,52;1
3116;0,46;1
3117;0,48;1
3118;0,5;1
3119;0,5;1
3120;0,47;1
3121;0,46;1
3122;0,47;1
3123;0,43;1
3124;0,4;1
3125;0,41;1
3126;0,4;1
3127;0,41;1
3128;0,37;1
3129;0,4;1
3130;0,41;1
3131;0,42;1
3132;0,4;1
3133;0,44;1
3134;0,48;1
3135;0,48;1
3136;0,45;1
3137;0,45;1
3138;0,46;1
3139;0,42;0,99
3140;0,47;0,97
3141;0,48;0,97
3142;0,48;0,84
3143;0,49;0,61
3144;0,48;0,4
3145;0,48;0,34
3146;0,52;0,26
3147;0,51;0,28
3148;0,47;0,2
3149;0,48;0,05
3150;0,49;0
3151;0,46;0
3152;0,47;0
3153;0,44;0
3154;0,44;0
3155;0,47;0
3156;0,45;0,01
3157;0,48;0,01
3158;0,49;0
3159;0,48;0
3160;0,55;0
3161;0,54;0
3162;0,48;0
3163;0,44;0
3164;0,42;0
3165;0,42;0
3166;0,44;0
3167;0,44;0
3168;0,49;0
3169;0,48;0
3170;0,46;0
3171;0,39;0
3172;0,38;0
3173;0,37;0
3174;0,4;0
3175;0,44;0
3176;0,6;0
3177;0,81;0
3178;0,8;0
3179;0,75;0
3180;0,81;0
3181;1;0
3182;1;0
3183;1;0
3184;0,98;0
3185;0,97;0
3186;0,81;0
3187;0,69;0
3188;0,66;0
3189;0,69;0
3190;0,92;0
3191;0,94;0
3192;1;0
3193;1;0
3194;1;0
3195;1;0
3196;1;0
3197;1;0
3198;1;0
3199;1;0
3200;1;0
3201;1;0
3202;1;0
3203;1;0
3204;1;0
3205;1;0
3206;1;0
3207;1;0
3208;1;0
3209;1;0
3210;1;0
3211;1;0
3212;1;0
3213;1;0
3214;1;0
3215;1;0
3216;1;0
3217;0,92;0
3218;0,75;0
3219;0,6;0
3220;0,55;0
3221;0,57;0
3222;0,48;0
3223;0,49;0
3224;0,51;0
3225;0,57;0
3226;0,55;0
3227;0,46;0
3228;0,48;0
3229;0,48;0
3230;0,46;0
3231;0,44;0
3232;0,48;0
3233;0,57;0
3234;0,51;0
3235;0,49;0
3236;0,39;0
3237;0,43;0
3238;0,38;0
3239;0,31;0
3240;0,32;0
3241;0,45;0
3242;0,39;0
3243;0,41;0
3244;0,6;0
3245;0,63;0
3246;0,64;0
3247;0,62;0
3248;0,62;0
3249;0,62;0
3250;0,54;0
3251;0,44;0
3252;0,43;0
3253;0,49;0
3254;0,45;0
3255;0,4;0
3256;0,39;0
3257;0,34;0
3258;0,37;0
3259;0,44;0
3260;0,44;0
3261;0,45;0
3262;0,39;0
3263;0,32;0
3264;0,26;0
3265;0,29;0
3266;0,3;0
3267;0,27;0
3268;0,32;0
3269;0,39;0
3270;0,47;0
3271;0,52;0
3272;0,61;0
3273;0,6;0
3274;0,64;0
3275;0,59;0
3276;0,46;0
3277;0,46;0
3278;0,49;0
3279;0,56;0
3280;0,51;0
3281;0,52;0
3282;0,47;0
3283;0,5;0
3284;0,55;0
3285;0,59;0
3286;0,54;0
3287;0,53;0
3288;0,51;0
3289;0,47;0
3290;0,49;0
3291;0,42;0
3292;0,33;0
3293;0,33;0
3294;0,29;0
3295;0,3;0
3296;0,25;0
3297;0,26;0
3298;0,37;0
3299;0,38;0
3300;0,48;0
3301;0,5;0
3302;0,53;0
3303;0,49;0
3304;0,46;0
3305;0,49;0
3306;0,5;0
3307;0,41;0
3308;0,42;0
3309;0,48;0
3310;0,55;0
3311;0,65;0
3312;0,62;0
3313;0,51;0
3314;0,51;0
3315;0,48;0
3316;0,45;0
3317;0,41;0
3318;0,46;0
3319;0,47;0
3320;0,55;0
3321;0,6;0
3322;0,65;0
3323;0,66;0
3324;0,57;0
3325;0,55;0
3326;0,51;0
3327;0,41;0
3328;0,36;0
3329;0,38;0
3330;0,36;0
3331;0,35;0
3332;0,34;0
3333;0,39;0
3334;0,41;0
3335;0,41;0
3336;0,4;0
3337;0,43;0
3338;0,44;0
3339;0,48;0
3340;0,47;0
3341;0,42;0
3342;0,43;0
3343;0,41;0
3344;0,39;0
3345;0,44;0
3346;0,46;0
3347;0,42;0
3348;0,36;0
3349;0,38;0
3350;0,32;0
3351;0,33;0
3352;0,47;0
3353;0,47;0
3354;0,48;0
3355;0,45;0
3356;0,43;0
3357;0,43;0
3358;0,38;0
3359;0,33;0
3360;0,35;0
3361;0,38;0
3362;0,41;0
3363;0,39;0
3364;0,34;0
3365;0,34;0
3366;0,31;0
3367;0,3;0
3368;0,27;0
3369;0,22;0
3370;0,21;0
3371;0,35;0
3372;0,43;0
3373;0,38;0
3374;0,31;0
3375;0,38;0
3376;0,42;0
3377;0,44;0
3378;0,44;0
3379;0,46;0
3380;0,47;0
3381;0,53;0
3382;0,49;0
3383;0,54;0
3384;0,52;0
3385;0,52;0
3386;0,57;0
3387;0,51;0
3388;0,5;0
3389;0,48;0
3390;0,43;0
3391;0,46;0
3392;0,58;0
3393;0,56;0
3394;0,63;0
3395;0,56;0
3396;0,58;0
3397;0,54;0
3398;0,47;0
3399;0,4;0
3400;0,36;0
3401;0,39;0
3402;0,39;0
3403;0,45;0
3404;0,44;0
3405;0,38;0
3406;0,34;0
3407;0,29;0
3408;0,28;0
3409;0,2;0
3410;0,17;0
3411;0,21;0
3412;0,22;0
3413;0,22;0
3414;0,27;0
3415;0,24;0
3416;0,29;0
3417;0,34;0
3418;0,4;0
3419;0,44;0
3420;0,34;0
3421;0,38;0
3422;0,38;0
3423;0,37;0
3424;0,33;0
3425;0,41;0
3426;0,56;0
3427;0,62;0
3428;0,66;0
3429;0,74;0
3430;0,84;0
3431;0,81;0
3432;0,77;0
3433;0,68;0
3434;0,73;0
3435;0,73;0,04
3436;0,69;0,07
3437;0,78;0
3438;0,79;0
3439;0,72;0,03
3440;0,69;0,13
3441;0,7;0,14
3442;0,7;0,1
3443;0,73;0,39
3444;0,71;0,53
3445;0,7;0,71
3446;0,73;0,67
3447;0,68;0,76
3448;0,64;0,68
3449;0,63;0,59
3450;0,6;0,61
3451;0,66;0,55
3452;0,68;0,53
3453;0,67;0,52
3454;0,73;0,4
3455;0,72;0,47
3456;0,68;0,4
3457;0,66;0,3
3458;0,61;0,16
3459;0,6;0,04
3460;0,56;0,03
3461;0,5;0,04
3462;0,51;0,07
3463;0,49;0,11
3464;0,48;0,35
3465;0,5;0,75
3466;0,49;0,74
3467;0,51;0,61
3468;0,47;0,4
3469;0,44;0,35
3470;0,44;0,3
3471;0,42;0,16
3472;0,42;0,04
3473;0,45;0
3474;0,45;0,01
3475;0,46;0,29
3476;0,45;0,55
3477;0,46;0,73
3478;0,47;1
3479;0,45;1
3480;0,44;1
3481;0,44;1
3482;0,42;1
3483;0,42;1
3484;0,45;1
3485;0,44;0,93
3486;0,44;1
3487;0,42;1
3488;0,38;1
3489;0,37;1
3490;0,37;1
3491;0,36;1
3492;0,37;1
3493;0,38;1
3494;0,38;0,95
3495;0,39;0,88
3496;0,39;0,76
3497;0,4;0,62
3498;0,38;0,52
3499;0,37;0,37
3500;0,35;0,33
3501;0,36;0,27
3502;0,38;0,27
3503;0,38;0,38
3504;0,36;0,48
3505;0,39;0,47
3506;0,39;0,44
3507;0,4;0,3
3508;0,39;0,31
3509;0,4;0,37
3510;0,39;0,37
3511;0,36;0,32
3512;0,35;0,35
3513;0,36;0,42
3514;0,34;0,41
3515;0,34;0,43
3516;0,37;0,36
3517;0,37;0,34
3518;0,36;0,17
3519;0,4;0,16
3520;0,38;0,07
3521;0,39;0,04
3522;0,39;0,05
3523;0,38;0,01
3524;0,37;0
3525;0,39;0
3526;0,38;0
3527;0,38;0
3528;0,41;0
3529;0,39;0
3530;0,38;0
3531;0,37;0
3532;0,38;0
3533;0,38;0
3534;0,35;0
3535;0,35;0
3536;0,37;0
3537;0,36;0
3538;0,35;0
3539;0,36;0
3540;0,36;0
3541;0,37;0
3542;0,36;0
3543;0,36;0
3544;0,39;0
3545;0,38;0
3546;0,38;0
3547;0,4;0
3548;0,39;0
3549;0,41;0
3550;0,44;0
3551;0,44;0
3552;0,47;0
3553;0,46;0
3554;0,44;0
3555;0,47;0
3556;0,46;0
3557;0,46;0
3558;0,45;0
3559;0,43;0
3560;0,44;0
3561;0,42;0
3562;0,39;0
3563;0,42;0
3564;0,41;0
3565;0,4;0
3566;0,39;0
3567;0,38;0
3568;0,38;0
3569;0,36;0
3570;0,35;0
3571;0,37;0
3572;0,35;0
3573;0,35;0
3574;0,36;0
3575;0,36;0
3576;0,37;0
3577;0,36;0
3578;0,34;0
3579;0,35;0
3580;0,33;0
3581;0,31;0
3582;0,31;0
3583;0,31;0
3584;0,32;0
3585;0,3;0
3586;0,32;0
3587;0,33;0
3588;0,32;0
3589;0,31;0
3590;0,31;0
3591;0,31;0
3592;0,31;0
3593;0,3;0
3594;0,31;0
3595;0,32;0
3596;0,3;0
3597;0,29;0
3598;0,3;0
3599;0,29;0
3600;0,3;0
3601;0,29;0
3602;0,3;0
3603;0,31;0
3604;0,3;0
3605;0,29;0
3606;0,32;0
3607;0,31;0
3608;0,31;0
3609;0,31;0
3610;0,31;0
3611;0,32;0
3612;0,3;0
3613;0,3;0
3614;0,3;0
3615;0,3;0
3616;0,3;0
3617;0,3;0
3618;0,31;0
3619;0,31;0
3620;0,3;0
3621;0,29;0
3622;0,31;0
3623;0,3;0
3624;0,29;0
3625;0,31;0
3626;0,31;0
3627;0,31;0
3628;0,3;0
3629;0,31;0
3630;0,32;0
3631;0,3;0
3632;0,29;0
3633;0,3;0
3634;0,3;0
3635;0,3;0
3636;0,3;0
3637;0,31;0
3638;0,32;0
3639;0,3;0
3640;0,3;0
3641;0,31;0
3642;0,3;0
3643;0,3;0
3644;0,3;0
3645;0,33;0
3646;0,35;0
3647;0,33;0
3648;0,33;0
3649;0,34;0
3650;0,34;0
3651;0,34;0
3652;0,34;0
3653;0,36;0
3654;0,37;0
3655;0,36;0
3656;0,39;0
3657;0,4;0
3658;0,39;0
3659;0,38;0
3660;0,36;0
3661;0,35;0
3662;0,34;0
3663;0,3;0
3664;0,29;0
3665;0,27;0
3666;0,23;0
3667;0,21;0
3668;0,2;0
3669;0,2;0
3670;0,2;0
3671;0,19;0
3672;0,22;0
3673;0,24;0
3674;0,25;0
3675;0,29;0
3676;0,3;0
3677;0,34;0
3678;0,37;0
3679;0,38;0
3680;0,43;0
3681;0,45;0
3682;0,42;0
3683;0,39;0
3684;0,37;0
3685;0,34;0
3686;0,34;0
3687;0,34;0
3688;0,34;0
3689;0,37;0
3690;0,37;0
3691;0,39;0
3692;0,4;0
3693;0,34;0,27
3694;0,33;0,4
3695;0,35;0,46
3696;0,35;0,61
3697;0,35;0,54
3698;0,35;0,7
3699;0,36;0,64
3700;0,38;0,51
3701;0,34;0,35
3702;0,33;0,24
3703;0,35;0,2
3704;0,37;0,07
3705;0,39;0
3706;0,38;0
3707;0,42;0
3708;0,44;0
3709;0,44;0,1
3710;0,46;0,36
3711;0,46;0,4
3712;0,48;0,48
3713;0,49;0,47
3714;0,49;0,41
3715;0,58;0,44
3716;0,59;0,4
3717;0,62;0,81
3718;0,69;1
3719;0,66;1
3720;0,69;1
3721;0,71;1
3722;0,68;0,95
3723;0,71;0,84
3724;0,7;0,73
3725;0,67;0,54
3726;0,66;0,45
3727;0,61;0,25
3728;0,56;0,26
3729;0,53;0,19
3730;0,47;0,11
3731;0,46;0,01
3732;0,45;0
3733;0,41;0
3734;0,39;0
3735;0,39;0
3736;0,39;0
3737;0,39;0
3738;0,38;0,03
3739;0,38;0,03
3740;0,39;0
3741;0,37;0
3742;0,38;0
3743;0,38;0
3744;0,36;0
3745;0,35;0
3746;0,36;0
3747;0,36;0
3748;0,38;0
3749;0,36;0
3750;0,36;0
3751;0,37;0
3752;0,36;0
3753;0,34;0
3754;0,35;0
3755;0,36;0
3756;0,4;0
3757;0,44;0
3758;0,52;0
3759;0,54;0
3760;0,49;0
3761;0,51;0
3762;0,54;0
3763;0,48;0
3764;0,47;0
3765;0,51;0
3766;0,53;0
3767;0,64;0
3768;0,67;0
3769;0,6;0
3770;0,6;0
3771;0,57;0
3772;0,65;0
3773;0,68;0
3774;0,63;0
3775;0,58;0
3776;0,57;0
3777;0,51;0
3778;0,46;0
3779;0,45;0
3780;0,45;0
3781;0,45;0
3782;0,49;0
3783;0,54;0
3784;0,52;0
3785;0,51;0
3786;0,47;0
3787;0,37;0
3788;0,36;0
3789;0,38;0
3790;0,39;0
3791;0,42;0
3792;0,4;0
3793;0,33;0
3794;0,35;0
3795;0,33;0
3796;0,36;0
3797;0,38;0
3798;0,38;0
3799;0,35;0
3800;0,33;0
3801;0,33;0
3802;0,35;0
3803;0,34;0
3804;0,34;0
3805;0,37;0
3806;0,37;0
3807;0,39;0
3808;0,42;0
3809;0,41;0
3810;0,46;0
3811;0,45;0
3812;0,47;0
3813;0,52;0
3814;0,51;0
3815;0,49;0
3816;0,46;0
3817;0,44;0
3818;0,43;0
3819;0,4;0
3820;0,42;0
3821;0,45;0
3822;0,4;0
3823;0,36;0
3824;0,36;0
3825;0,34;0
3826;0,34;0
3827;0,31;0
3828;0,26;0
3829;0,32;0
3830;0,32;0
3831;0,34;0
3832;0,31;0
3833;0,45;0
3834;0,48;0
3835;0,43;0
3836;0,38;0
3837;0,37;0
3838;0,31;0
3839;0,32;0
3840;0,34;0
3841;0,47;0
3842;0,49;0
3843;0,48;0
3844;0,5;0
3845;0,45;0
3846;0,42;0
3847;0,46;0
3848;0,52;0
3849;0,61;0
3850;0,65;0
3851;0,63;0
3852;0,63;0
3853;0,59;0
3854;0,54;0
3855;0,55;0
3856;0,52;0
3857;0,53;0
3858;0,53;0
3859;0,5;0
3860;0,55;0
3861;0,56;0
3862;0,56;0
3863;0,61;0
3864;0,6;0
3865;0,62;0
3866;0,64;0
3867;0,6;0
3868;0,62;0
3869;0,6;0
3870;0,55;0
3871;0,55;0
3872;0,54;0
3873;0,58;0
3874;0,51;0
3875;0,43;0
3876;0,51;0
3877;0,51;0
3878;0,51;0
3879;0,53;0
3880;0,55;0
3881;0,53;0
3882;0,47;0
3883;0,46;0
3884;0,56;0
3885;0,6;0
3886;0,53;0
3887;0,41;0
3888;0,42;0
3889;0,47;0
3890;0,58;0
3891;0,77;0
3892;1;0
3893;1;0
3894;1;0
3895;1;0
3896;1;0
3897;1;0
3898;1;0
3899;1;0
3900;1;0
3901;1;0
3902;1;0
3903;1;0
3904;1;0
3905;1;0
3906;1;0
3907;1;0
3908;1;0
3909;1;0
3910;0,9;0
3911;0,74;0
3912;0,65;0
3913;0,47;0
3914;0,38;0
3915;0,35;0
3916;0,26;0
3917;0,26;0
3918;0,28;0
3919;0,3;0
3920;0,4;0
3921;0,42;0
3922;0,41;0
3923;0,45;0
3924;0,46;0
3925;0,41;0
3926;0,36;0
3927;0,31;0
3928;0,37;0
3929;0,35;0
3930;0,31;0
3931;0,3;0
3932;0,3;0
3933;0,3;0
3934;0,36;0
3935;0,45;0
3936;0,46;0
3937;0,41;0
3938;0,34;0
3939;0,31;0
3940;0,29;0
3941;0,28;0
3942;0,37;0
3943;0,36;0
3944;0,34;0
3945;0,28;0
3946;0,26;0
3947;0,33;0
3948;0,34;0
3949;0,3;0
3950;0,36;0
3951;0,33;0
3952;0,29;0
3953;0,32;0
3954;0,38;0
3955;0,41;0
3956;0,42;0
3957;0,41;0
3958;0,45;0
3959;0,45;0
3960;0,41;0
3961;0,43;0
3962;0,39;0
3963;0,36;0
3964;0,39;0
3965;0,36;0
3966;0,47;0
3967;0,49;0
3968;0,5;0
3969;0,51;0
3970;0,46;0
3971;0,44;0
3972;0,37;0
3973;0,34;0
3974;0,31;0
3975;0,34;0
3976;0,37;0
3977;0,36;0
3978;0,39;0
3979;0,38;0
3980;0,3;0
3981;0,26;0
3982;0,24;0
3983;0,35;0
3984;0,37;0
3985;0,42;0
3986;0,41;0
3987;0,42;0
3988;0,39;0
3989;0,43;0
3990;0,54;0
3991;0,54;0
3992;0,51;0
3993;0,47;0
3994;0,47;0
3995;0,49;0
3996;0,51;0
3997;0,51;0
3998;0,4;0
3999;0,32;0
4000;0,35;0
4001;0,38;0
4002;0,37;0
4003;0,34;0
4004;0,31;0
4005;0,32;0
4006;0,29;0
4007;0,29;0
4008;0,29;0
4009;0,32;0
4010;0,33;0
4011;0,34;0
4012;0,36;0
4013;0,36;0
4014;0,34;0
4015;0,38;0
4016;0,39;0
4017;0,41;0
4018;0,31;0
4019;0,28;0
4020;0,33;0
4021;0,35;0
4022;0,32;0
4023;0,33;0
4024;0,37;0
4025;0,41;0
4026;0,37;0
4027;0,31;0
4028;0,37;0
4029;0,35;0
4030;0,28;0
4031;0,28;0
4032;0,33;0
4033;0,33;0
4034;0,37;0
4035;0,39;0
4036;0,45;0
4037;0,44;0
4038;0,44;0
